<?xml version="1.0" encoding="UTF-8"?>
<spirit:component xmlns:xilinx="http://www.xilinx.com" xmlns:spirit="http://www.spiritconsortium.org/XMLSchema/SPIRIT/1685-2009" xmlns:xsi="http://www.w3.org/2001/XMLSchema-instance">
  <spirit:vendor>ABR</spirit:vendor>
  <spirit:library>user</spirit:library>
  <spirit:name>zynq_AXI_DNA</spirit:name>
  <spirit:version>1.0</spirit:version>
  <spirit:busInterfaces>
    <spirit:busInterface>
      <spirit:name>S00_AXI</spirit:name>
      <spirit:busType spirit:vendor="xilinx.com" spirit:library="interface" spirit:name="aximm" spirit:version="1.0"/>
      <spirit:abstractionType spirit:vendor="xilinx.com" spirit:library="interface" spirit:name="aximm_rtl" spirit:version="1.0"/>
      <spirit:slave>
        <spirit:memoryMapRef spirit:memoryMapRef="S00_AXI"/>
      </spirit:slave>
      <spirit:portMaps>
        <spirit:portMap>
          <spirit:logicalPort>
            <spirit:name>AWADDR</spirit:name>
          </spirit:logicalPort>
          <spirit:physicalPort>
            <spirit:name>s00_axi_awaddr</spirit:name>
          </spirit:physicalPort>
        </spirit:portMap>
        <spirit:portMap>
          <spirit:logicalPort>
            <spirit:name>AWPROT</spirit:name>
          </spirit:logicalPort>
          <spirit:physicalPort>
            <spirit:name>s00_axi_awprot</spirit:name>
          </spirit:physicalPort>
        </spirit:portMap>
        <spirit:portMap>
          <spirit:logicalPort>
            <spirit:name>AWVALID</spirit:name>
          </spirit:logicalPort>
          <spirit:physicalPort>
            <spirit:name>s00_axi_awvalid</spirit:name>
          </spirit:physicalPort>
        </spirit:portMap>
        <spirit:portMap>
          <spirit:logicalPort>
            <spirit:name>AWREADY</spirit:name>
          </spirit:logicalPort>
          <spirit:physicalPort>
            <spirit:name>s00_axi_awready</spirit:name>
          </spirit:physicalPort>
        </spirit:portMap>
        <spirit:portMap>
          <spirit:logicalPort>
            <spirit:name>WDATA</spirit:name>
          </spirit:logicalPort>
          <spirit:physicalPort>
            <spirit:name>s00_axi_wdata</spirit:name>
          </spirit:physicalPort>
        </spirit:portMap>
        <spirit:portMap>
          <spirit:logicalPort>
            <spirit:name>WSTRB</spirit:name>
          </spirit:logicalPort>
          <spirit:physicalPort>
            <spirit:name>s00_axi_wstrb</spirit:name>
          </spirit:physicalPort>
        </spirit:portMap>
        <spirit:portMap>
          <spirit:logicalPort>
            <spirit:name>WVALID</spirit:name>
          </spirit:logicalPort>
          <spirit:physicalPort>
            <spirit:name>s00_axi_wvalid</spirit:name>
          </spirit:physicalPort>
        </spirit:portMap>
        <spirit:portMap>
          <spirit:logicalPort>
            <spirit:name>WREADY</spirit:name>
          </spirit:logicalPort>
          <spirit:physicalPort>
            <spirit:name>s00_axi_wready</spirit:name>
          </spirit:physicalPort>
        </spirit:portMap>
        <spirit:portMap>
          <spirit:logicalPort>
            <spirit:name>BRESP</spirit:name>
          </spirit:logicalPort>
          <spirit:physicalPort>
            <spirit:name>s00_axi_bresp</spirit:name>
          </spirit:physicalPort>
        </spirit:portMap>
        <spirit:portMap>
          <spirit:logicalPort>
            <spirit:name>BVALID</spirit:name>
          </spirit:logicalPort>
          <spirit:physicalPort>
            <spirit:name>s00_axi_bvalid</spirit:name>
          </spirit:physicalPort>
        </spirit:portMap>
        <spirit:portMap>
          <spirit:logicalPort>
            <spirit:name>BREADY</spirit:name>
          </spirit:logicalPort>
          <spirit:physicalPort>
            <spirit:name>s00_axi_bready</spirit:name>
          </spirit:physicalPort>
        </spirit:portMap>
        <spirit:portMap>
          <spirit:logicalPort>
            <spirit:name>ARADDR</spirit:name>
          </spirit:logicalPort>
          <spirit:physicalPort>
            <spirit:name>s00_axi_araddr</spirit:name>
          </spirit:physicalPort>
        </spirit:portMap>
        <spirit:portMap>
          <spirit:logicalPort>
            <spirit:name>ARPROT</spirit:name>
          </spirit:logicalPort>
          <spirit:physicalPort>
            <spirit:name>s00_axi_arprot</spirit:name>
          </spirit:physicalPort>
        </spirit:portMap>
        <spirit:portMap>
          <spirit:logicalPort>
            <spirit:name>ARVALID</spirit:name>
          </spirit:logicalPort>
          <spirit:physicalPort>
            <spirit:name>s00_axi_arvalid</spirit:name>
          </spirit:physicalPort>
        </spirit:portMap>
        <spirit:portMap>
          <spirit:logicalPort>
            <spirit:name>ARREADY</spirit:name>
          </spirit:logicalPort>
          <spirit:physicalPort>
            <spirit:name>s00_axi_arready</spirit:name>
          </spirit:physicalPort>
        </spirit:portMap>
        <spirit:portMap>
          <spirit:logicalPort>
            <spirit:name>RDATA</spirit:name>
          </spirit:logicalPort>
          <spirit:physicalPort>
            <spirit:name>s00_axi_rdata</spirit:name>
          </spirit:physicalPort>
        </spirit:portMap>
        <spirit:portMap>
          <spirit:logicalPort>
            <spirit:name>RRESP</spirit:name>
          </spirit:logicalPort>
          <spirit:physicalPort>
            <spirit:name>s00_axi_rresp</spirit:name>
          </spirit:physicalPort>
        </spirit:portMap>
        <spirit:portMap>
          <spirit:logicalPort>
            <spirit:name>RVALID</spirit:name>
          </spirit:logicalPort>
          <spirit:physicalPort>
            <spirit:name>s00_axi_rvalid</spirit:name>
          </spirit:physicalPort>
        </spirit:portMap>
        <spirit:portMap>
          <spirit:logicalPort>
            <spirit:name>RREADY</spirit:name>
          </spirit:logicalPort>
          <spirit:physicalPort>
            <spirit:name>s00_axi_rready</spirit:name>
          </spirit:physicalPort>
        </spirit:portMap>
      </spirit:portMaps>
      <spirit:parameters>
        <spirit:parameter>
          <spirit:name>WIZ_DATA_WIDTH</spirit:name>
          <spirit:value spirit:format="long" spirit:id="BUSIFPARAM_VALUE.S00_AXI.WIZ_DATA_WIDTH" spirit:choiceRef="choice_list_6fc15197">32</spirit:value>
        </spirit:parameter>
        <spirit:parameter>
          <spirit:name>WIZ_NUM_REG</spirit:name>
          <spirit:value spirit:format="long" spirit:id="BUSIFPARAM_VALUE.S00_AXI.WIZ_NUM_REG" spirit:minimum="4" spirit:maximum="512" spirit:rangeType="long">4</spirit:value>
        </spirit:parameter>
        <spirit:parameter>
          <spirit:name>SUPPORTS_NARROW_BURST</spirit:name>
          <spirit:value spirit:format="long" spirit:id="BUSIFPARAM_VALUE.S00_AXI.SUPPORTS_NARROW_BURST" spirit:choiceRef="choice_pairs_ce1226b1">0</spirit:value>
        </spirit:parameter>
      </spirit:parameters>
    </spirit:busInterface>
    <spirit:busInterface>
      <spirit:name>S00_AXI_RST</spirit:name>
      <spirit:busType spirit:vendor="xilinx.com" spirit:library="signal" spirit:name="reset" spirit:version="1.0"/>
      <spirit:abstractionType spirit:vendor="xilinx.com" spirit:library="signal" spirit:name="reset_rtl" spirit:version="1.0"/>
      <spirit:slave/>
      <spirit:portMaps>
        <spirit:portMap>
          <spirit:logicalPort>
            <spirit:name>RST</spirit:name>
          </spirit:logicalPort>
          <spirit:physicalPort>
            <spirit:name>s00_axi_aresetn</spirit:name>
          </spirit:physicalPort>
        </spirit:portMap>
      </spirit:portMaps>
      <spirit:parameters>
        <spirit:parameter>
          <spirit:name>POLARITY</spirit:name>
          <spirit:value spirit:id="BUSIFPARAM_VALUE.S00_AXI_RST.POLARITY">ACTIVE_LOW</spirit:value>
        </spirit:parameter>
      </spirit:parameters>
    </spirit:busInterface>
    <spirit:busInterface>
      <spirit:name>S00_AXI_CLK</spirit:name>
      <spirit:busType spirit:vendor="xilinx.com" spirit:library="signal" spirit:name="clock" spirit:version="1.0"/>
      <spirit:abstractionType spirit:vendor="xilinx.com" spirit:library="signal" spirit:name="clock_rtl" spirit:version="1.0"/>
      <spirit:slave/>
      <spirit:portMaps>
        <spirit:portMap>
          <spirit:logicalPort>
            <spirit:name>CLK</spirit:name>
          </spirit:logicalPort>
          <spirit:physicalPort>
            <spirit:name>s00_axi_aclk</spirit:name>
          </spirit:physicalPort>
        </spirit:portMap>
      </spirit:portMaps>
      <spirit:parameters>
        <spirit:parameter>
          <spirit:name>ASSOCIATED_BUSIF</spirit:name>
          <spirit:value spirit:id="BUSIFPARAM_VALUE.S00_AXI_CLK.ASSOCIATED_BUSIF">S00_AXI</spirit:value>
        </spirit:parameter>
        <spirit:parameter>
          <spirit:name>ASSOCIATED_RESET</spirit:name>
          <spirit:value spirit:id="BUSIFPARAM_VALUE.S00_AXI_CLK.ASSOCIATED_RESET">s00_axi_aresetn</spirit:value>
        </spirit:parameter>
      </spirit:parameters>
    </spirit:busInterface>
  </spirit:busInterfaces>
  <spirit:memoryMaps>
    <spirit:memoryMap>
      <spirit:name>S00_AXI</spirit:name>
      <spirit:addressBlock>
        <spirit:name>S00_AXI_reg</spirit:name>
        <spirit:baseAddress spirit:format="long" spirit:resolve="user">0</spirit:baseAddress>
        <spirit:range spirit:format="long">4096</spirit:range>
        <spirit:width spirit:format="long">32</spirit:width>
        <spirit:usage>register</spirit:usage>
        <spirit:parameters>
          <spirit:parameter>
            <spirit:name>OFFSET_BASE_PARAM</spirit:name>
            <spirit:value spirit:id="ADDRBLOCKPARAM_VALUE.S00_AXI.S00_AXI_REG.OFFSET_BASE_PARAM">C_S00_AXI_BASEADDR</spirit:value>
          </spirit:parameter>
          <spirit:parameter>
            <spirit:name>OFFSET_HIGH_PARAM</spirit:name>
            <spirit:value spirit:id="ADDRBLOCKPARAM_VALUE.S00_AXI.S00_AXI_REG.OFFSET_HIGH_PARAM">C_S00_AXI_HIGHADDR</spirit:value>
          </spirit:parameter>
        </spirit:parameters>
      </spirit:addressBlock>
    </spirit:memoryMap>
  </spirit:memoryMaps>
  <spirit:model>
    <spirit:views>
      <spirit:view>
        <spirit:name>xilinx_anylanguagesynthesis</spirit:name>
        <spirit:displayName>Verilog Synthesis</spirit:displayName>
        <spirit:envIdentifier>:vivado.xilinx.com:synthesis</spirit:envIdentifier>
        <spirit:modelName>zynq_AXI_DNA_v1_0</spirit:modelName>
        <spirit:fileSetRef>
          <spirit:localName>xilinx_anylanguagesynthesis_view_fileset</spirit:localName>
        </spirit:fileSetRef>
        <spirit:parameters>
          <spirit:parameter>
            <spirit:name>viewChecksum</spirit:name>
            <spirit:value>65387e0b</spirit:value>
          </spirit:parameter>
        </spirit:parameters>
      </spirit:view>
      <spirit:view>
        <spirit:name>xilinx_anylanguagebehavioralsimulation</spirit:name>
        <spirit:displayName>Simulation</spirit:displayName>
        <spirit:envIdentifier>:vivado.xilinx.com:simulation</spirit:envIdentifier>
        <spirit:modelName>zynq_AXI_DNA_v1_0</spirit:modelName>
        <spirit:fileSetRef>
          <spirit:localName>xilinx_anylanguagebehavioralsimulation_view_fileset</spirit:localName>
        </spirit:fileSetRef>
        <spirit:parameters>
          <spirit:parameter>
            <spirit:name>viewChecksum</spirit:name>
            <spirit:value>65387e0b</spirit:value>
          </spirit:parameter>
        </spirit:parameters>
      </spirit:view>
      <spirit:view>
        <spirit:name>xilinx_softwaredriver</spirit:name>
        <spirit:displayName>Software Driver</spirit:displayName>
        <spirit:envIdentifier>:vivado.xilinx.com:sw.driver</spirit:envIdentifier>
        <spirit:fileSetRef>
          <spirit:localName>xilinx_softwaredriver_view_fileset</spirit:localName>
        </spirit:fileSetRef>
        <spirit:parameters>
          <spirit:parameter>
            <spirit:name>viewChecksum</spirit:name>
            <spirit:value>f1e9cc63</spirit:value>
          </spirit:parameter>
        </spirit:parameters>
      </spirit:view>
      <spirit:view>
        <spirit:name>xilinx_xpgui</spirit:name>
        <spirit:displayName>UI Layout</spirit:displayName>
        <spirit:envIdentifier>:vivado.xilinx.com:xgui.ui</spirit:envIdentifier>
        <spirit:fileSetRef>
          <spirit:localName>xilinx_xpgui_view_fileset</spirit:localName>
        </spirit:fileSetRef>
        <spirit:parameters>
          <spirit:parameter>
            <spirit:name>viewChecksum</spirit:name>
            <spirit:value>cb63bd89</spirit:value>
          </spirit:parameter>
        </spirit:parameters>
      </spirit:view>
      <spirit:view>
        <spirit:name>bd_tcl</spirit:name>
        <spirit:displayName>Block Diagram</spirit:displayName>
        <spirit:envIdentifier>:vivado.xilinx.com:block.diagram</spirit:envIdentifier>
        <spirit:fileSetRef>
          <spirit:localName>bd_tcl_view_fileset</spirit:localName>
        </spirit:fileSetRef>
        <spirit:parameters>
          <spirit:parameter>
            <spirit:name>viewChecksum</spirit:name>
            <spirit:value>45a2f450</spirit:value>
          </spirit:parameter>
        </spirit:parameters>
      </spirit:view>
    </spirit:views>
    <spirit:ports>
      <spirit:port>
        <spirit:name>s00_axi_awaddr</spirit:name>
        <spirit:wire>
          <spirit:direction>in</spirit:direction>
          <spirit:vector>
            <spirit:left spirit:format="long" spirit:resolve="dependent" spirit:dependency="(spirit:decode(id(&apos;MODELPARAM_VALUE.C_S00_AXI_ADDR_WIDTH&apos;))-1)">3</spirit:left>
            <spirit:right spirit:format="long">0</spirit:right>
          </spirit:vector>
          <spirit:wireTypeDefs>
            <spirit:wireTypeDef>
              <spirit:typeName>wire</spirit:typeName>
              <spirit:viewNameRef>xilinx_anylanguagesynthesis</spirit:viewNameRef>
              <spirit:viewNameRef>xilinx_anylanguagebehavioralsimulation</spirit:viewNameRef>
            </spirit:wireTypeDef>
          </spirit:wireTypeDefs>
        </spirit:wire>
      </spirit:port>
      <spirit:port>
        <spirit:name>s00_axi_awprot</spirit:name>
        <spirit:wire>
          <spirit:direction>in</spirit:direction>
          <spirit:vector>
            <spirit:left spirit:format="long">2</spirit:left>
            <spirit:right spirit:format="long">0</spirit:right>
          </spirit:vector>
          <spirit:wireTypeDefs>
            <spirit:wireTypeDef>
              <spirit:typeName>wire</spirit:typeName>
              <spirit:viewNameRef>xilinx_anylanguagesynthesis</spirit:viewNameRef>
              <spirit:viewNameRef>xilinx_anylanguagebehavioralsimulation</spirit:viewNameRef>
            </spirit:wireTypeDef>
          </spirit:wireTypeDefs>
        </spirit:wire>
      </spirit:port>
      <spirit:port>
        <spirit:name>s00_axi_awvalid</spirit:name>
        <spirit:wire>
          <spirit:direction>in</spirit:direction>
          <spirit:wireTypeDefs>
            <spirit:wireTypeDef>
              <spirit:typeName>wire</spirit:typeName>
              <spirit:viewNameRef>xilinx_anylanguagesynthesis</spirit:viewNameRef>
              <spirit:viewNameRef>xilinx_anylanguagebehavioralsimulation</spirit:viewNameRef>
            </spirit:wireTypeDef>
          </spirit:wireTypeDefs>
        </spirit:wire>
      </spirit:port>
      <spirit:port>
        <spirit:name>s00_axi_awready</spirit:name>
        <spirit:wire>
          <spirit:direction>out</spirit:direction>
          <spirit:wireTypeDefs>
            <spirit:wireTypeDef>
              <spirit:typeName>wire</spirit:typeName>
              <spirit:viewNameRef>xilinx_anylanguagesynthesis</spirit:viewNameRef>
              <spirit:viewNameRef>xilinx_anylanguagebehavioralsimulation</spirit:viewNameRef>
            </spirit:wireTypeDef>
          </spirit:wireTypeDefs>
        </spirit:wire>
      </spirit:port>
      <spirit:port>
        <spirit:name>s00_axi_wdata</spirit:name>
        <spirit:wire>
          <spirit:direction>in</spirit:direction>
          <spirit:vector>
            <spirit:left spirit:format="long" spirit:resolve="dependent" spirit:dependency="(spirit:decode(id(&apos;MODELPARAM_VALUE.C_S00_AXI_DATA_WIDTH&apos;))-1)">31</spirit:left>
            <spirit:right spirit:format="long">0</spirit:right>
          </spirit:vector>
          <spirit:wireTypeDefs>
            <spirit:wireTypeDef>
              <spirit:typeName>wire</spirit:typeName>
              <spirit:viewNameRef>xilinx_anylanguagesynthesis</spirit:viewNameRef>
              <spirit:viewNameRef>xilinx_anylanguagebehavioralsimulation</spirit:viewNameRef>
            </spirit:wireTypeDef>
          </spirit:wireTypeDefs>
        </spirit:wire>
      </spirit:port>
      <spirit:port>
        <spirit:name>s00_axi_wstrb</spirit:name>
        <spirit:wire>
          <spirit:direction>in</spirit:direction>
          <spirit:vector>
            <spirit:left spirit:format="long" spirit:resolve="dependent" spirit:dependency="((spirit:decode(id(&apos;MODELPARAM_VALUE.C_S00_AXI_DATA_WIDTH&apos;))/8)-1)">3</spirit:left>
            <spirit:right spirit:format="long">0</spirit:right>
          </spirit:vector>
          <spirit:wireTypeDefs>
            <spirit:wireTypeDef>
              <spirit:typeName>wire</spirit:typeName>
              <spirit:viewNameRef>xilinx_anylanguagesynthesis</spirit:viewNameRef>
              <spirit:viewNameRef>xilinx_anylanguagebehavioralsimulation</spirit:viewNameRef>
            </spirit:wireTypeDef>
          </spirit:wireTypeDefs>
        </spirit:wire>
      </spirit:port>
      <spirit:port>
        <spirit:name>s00_axi_wvalid</spirit:name>
        <spirit:wire>
          <spirit:direction>in</spirit:direction>
          <spirit:wireTypeDefs>
            <spirit:wireTypeDef>
              <spirit:typeName>wire</spirit:typeName>
              <spirit:viewNameRef>xilinx_anylanguagesynthesis</spirit:viewNameRef>
              <spirit:viewNameRef>xilinx_anylanguagebehavioralsimulation</spirit:viewNameRef>
            </spirit:wireTypeDef>
          </spirit:wireTypeDefs>
        </spirit:wire>
      </spirit:port>
      <spirit:port>
        <spirit:name>s00_axi_wready</spirit:name>
        <spirit:wire>
          <spirit:direction>out</spirit:direction>
          <spirit:wireTypeDefs>
            <spirit:wireTypeDef>
              <spirit:typeName>wire</spirit:typeName>
              <spirit:viewNameRef>xilinx_anylanguagesynthesis</spirit:viewNameRef>
              <spirit:viewNameRef>xilinx_anylanguagebehavioralsimulation</spirit:viewNameRef>
            </spirit:wireTypeDef>
          </spirit:wireTypeDefs>
        </spirit:wire>
      </spirit:port>
      <spirit:port>
        <spirit:name>s00_axi_bresp</spirit:name>
        <spirit:wire>
          <spirit:direction>out</spirit:direction>
          <spirit:vector>
            <spirit:left spirit:format="long">1</spirit:left>
            <spirit:right spirit:format="long">0</spirit:right>
          </spirit:vector>
          <spirit:wireTypeDefs>
            <spirit:wireTypeDef>
              <spirit:typeName>wire</spirit:typeName>
              <spirit:viewNameRef>xilinx_anylanguagesynthesis</spirit:viewNameRef>
              <spirit:viewNameRef>xilinx_anylanguagebehavioralsimulation</spirit:viewNameRef>
            </spirit:wireTypeDef>
          </spirit:wireTypeDefs>
        </spirit:wire>
      </spirit:port>
      <spirit:port>
        <spirit:name>s00_axi_bvalid</spirit:name>
        <spirit:wire>
          <spirit:direction>out</spirit:direction>
          <spirit:wireTypeDefs>
            <spirit:wireTypeDef>
              <spirit:typeName>wire</spirit:typeName>
              <spirit:viewNameRef>xilinx_anylanguagesynthesis</spirit:viewNameRef>
              <spirit:viewNameRef>xilinx_anylanguagebehavioralsimulation</spirit:viewNameRef>
            </spirit:wireTypeDef>
          </spirit:wireTypeDefs>
        </spirit:wire>
      </spirit:port>
      <spirit:port>
        <spirit:name>s00_axi_bready</spirit:name>
        <spirit:wire>
          <spirit:direction>in</spirit:direction>
          <spirit:wireTypeDefs>
            <spirit:wireTypeDef>
              <spirit:typeName>wire</spirit:typeName>
              <spirit:viewNameRef>xilinx_anylanguagesynthesis</spirit:viewNameRef>
              <spirit:viewNameRef>xilinx_anylanguagebehavioralsimulation</spirit:viewNameRef>
            </spirit:wireTypeDef>
          </spirit:wireTypeDefs>
        </spirit:wire>
      </spirit:port>
      <spirit:port>
        <spirit:name>s00_axi_araddr</spirit:name>
        <spirit:wire>
          <spirit:direction>in</spirit:direction>
          <spirit:vector>
            <spirit:left spirit:format="long" spirit:resolve="dependent" spirit:dependency="(spirit:decode(id(&apos;MODELPARAM_VALUE.C_S00_AXI_ADDR_WIDTH&apos;))-1)">3</spirit:left>
            <spirit:right spirit:format="long">0</spirit:right>
          </spirit:vector>
          <spirit:wireTypeDefs>
            <spirit:wireTypeDef>
              <spirit:typeName>wire</spirit:typeName>
              <spirit:viewNameRef>xilinx_anylanguagesynthesis</spirit:viewNameRef>
              <spirit:viewNameRef>xilinx_anylanguagebehavioralsimulation</spirit:viewNameRef>
            </spirit:wireTypeDef>
          </spirit:wireTypeDefs>
        </spirit:wire>
      </spirit:port>
      <spirit:port>
        <spirit:name>s00_axi_arprot</spirit:name>
        <spirit:wire>
          <spirit:direction>in</spirit:direction>
          <spirit:vector>
            <spirit:left spirit:format="long">2</spirit:left>
            <spirit:right spirit:format="long">0</spirit:right>
          </spirit:vector>
          <spirit:wireTypeDefs>
            <spirit:wireTypeDef>
              <spirit:typeName>wire</spirit:typeName>
              <spirit:viewNameRef>xilinx_anylanguagesynthesis</spirit:viewNameRef>
              <spirit:viewNameRef>xilinx_anylanguagebehavioralsimulation</spirit:viewNameRef>
            </spirit:wireTypeDef>
          </spirit:wireTypeDefs>
        </spirit:wire>
      </spirit:port>
      <spirit:port>
        <spirit:name>s00_axi_arvalid</spirit:name>
        <spirit:wire>
          <spirit:direction>in</spirit:direction>
          <spirit:wireTypeDefs>
            <spirit:wireTypeDef>
              <spirit:typeName>wire</spirit:typeName>
              <spirit:viewNameRef>xilinx_anylanguagesynthesis</spirit:viewNameRef>
              <spirit:viewNameRef>xilinx_anylanguagebehavioralsimulation</spirit:viewNameRef>
            </spirit:wireTypeDef>
          </spirit:wireTypeDefs>
        </spirit:wire>
      </spirit:port>
      <spirit:port>
        <spirit:name>s00_axi_arready</spirit:name>
        <spirit:wire>
          <spirit:direction>out</spirit:direction>
          <spirit:wireTypeDefs>
            <spirit:wireTypeDef>
              <spirit:typeName>wire</spirit:typeName>
              <spirit:viewNameRef>xilinx_anylanguagesynthesis</spirit:viewNameRef>
              <spirit:viewNameRef>xilinx_anylanguagebehavioralsimulation</spirit:viewNameRef>
            </spirit:wireTypeDef>
          </spirit:wireTypeDefs>
        </spirit:wire>
      </spirit:port>
      <spirit:port>
        <spirit:name>s00_axi_rdata</spirit:name>
        <spirit:wire>
          <spirit:direction>out</spirit:direction>
          <spirit:vector>
            <spirit:left spirit:format="long" spirit:resolve="dependent" spirit:dependency="(spirit:decode(id(&apos;MODELPARAM_VALUE.C_S00_AXI_DATA_WIDTH&apos;))-1)">31</spirit:left>
            <spirit:right spirit:format="long">0</spirit:right>
          </spirit:vector>
          <spirit:wireTypeDefs>
            <spirit:wireTypeDef>
              <spirit:typeName>wire</spirit:typeName>
              <spirit:viewNameRef>xilinx_anylanguagesynthesis</spirit:viewNameRef>
              <spirit:viewNameRef>xilinx_anylanguagebehavioralsimulation</spirit:viewNameRef>
            </spirit:wireTypeDef>
          </spirit:wireTypeDefs>
        </spirit:wire>
      </spirit:port>
      <spirit:port>
        <spirit:name>s00_axi_rresp</spirit:name>
        <spirit:wire>
          <spirit:direction>out</spirit:direction>
          <spirit:vector>
            <spirit:left spirit:format="long">1</spirit:left>
            <spirit:right spirit:format="long">0</spirit:right>
          </spirit:vector>
          <spirit:wireTypeDefs>
            <spirit:wireTypeDef>
              <spirit:typeName>wire</spirit:typeName>
              <spirit:viewNameRef>xilinx_anylanguagesynthesis</spirit:viewNameRef>
              <spirit:viewNameRef>xilinx_anylanguagebehavioralsimulation</spirit:viewNameRef>
            </spirit:wireTypeDef>
          </spirit:wireTypeDefs>
        </spirit:wire>
      </spirit:port>
      <spirit:port>
        <spirit:name>s00_axi_rvalid</spirit:name>
        <spirit:wire>
          <spirit:direction>out</spirit:direction>
          <spirit:wireTypeDefs>
            <spirit:wireTypeDef>
              <spirit:typeName>wire</spirit:typeName>
              <spirit:viewNameRef>xilinx_anylanguagesynthesis</spirit:viewNameRef>
              <spirit:viewNameRef>xilinx_anylanguagebehavioralsimulation</spirit:viewNameRef>
            </spirit:wireTypeDef>
          </spirit:wireTypeDefs>
        </spirit:wire>
      </spirit:port>
      <spirit:port>
        <spirit:name>s00_axi_rready</spirit:name>
        <spirit:wire>
          <spirit:direction>in</spirit:direction>
          <spirit:wireTypeDefs>
            <spirit:wireTypeDef>
              <spirit:typeName>wire</spirit:typeName>
              <spirit:viewNameRef>xilinx_anylanguagesynthesis</spirit:viewNameRef>
              <spirit:viewNameRef>xilinx_anylanguagebehavioralsimulation</spirit:viewNameRef>
            </spirit:wireTypeDef>
          </spirit:wireTypeDefs>
        </spirit:wire>
      </spirit:port>
      <spirit:port>
        <spirit:name>s00_axi_aclk</spirit:name>
        <spirit:wire>
          <spirit:direction>in</spirit:direction>
          <spirit:wireTypeDefs>
            <spirit:wireTypeDef>
              <spirit:typeName>wire</spirit:typeName>
              <spirit:viewNameRef>xilinx_anylanguagesynthesis</spirit:viewNameRef>
              <spirit:viewNameRef>xilinx_anylanguagebehavioralsimulation</spirit:viewNameRef>
            </spirit:wireTypeDef>
          </spirit:wireTypeDefs>
        </spirit:wire>
      </spirit:port>
      <spirit:port>
        <spirit:name>s00_axi_aresetn</spirit:name>
        <spirit:wire>
          <spirit:direction>in</spirit:direction>
          <spirit:wireTypeDefs>
            <spirit:wireTypeDef>
              <spirit:typeName>wire</spirit:typeName>
              <spirit:viewNameRef>xilinx_anylanguagesynthesis</spirit:viewNameRef>
              <spirit:viewNameRef>xilinx_anylanguagebehavioralsimulation</spirit:viewNameRef>
            </spirit:wireTypeDef>
          </spirit:wireTypeDefs>
        </spirit:wire>
      </spirit:port>
    </spirit:ports>
    <spirit:modelParameters>
      <spirit:modelParameter xsi:type="spirit:nameValueTypeType" spirit:dataType="integer">
        <spirit:name>C_S00_AXI_DATA_WIDTH</spirit:name>
        <spirit:displayName>C S00 AXI DATA WIDTH</spirit:displayName>
        <spirit:description>Width of S_AXI data bus</spirit:description>
        <spirit:value spirit:format="long" spirit:resolve="generated" spirit:id="MODELPARAM_VALUE.C_S00_AXI_DATA_WIDTH" spirit:order="3" spirit:rangeType="long">32</spirit:value>
      </spirit:modelParameter>
      <spirit:modelParameter spirit:dataType="integer">
        <spirit:name>C_S00_AXI_ADDR_WIDTH</spirit:name>
        <spirit:displayName>C S00 AXI ADDR WIDTH</spirit:displayName>
        <spirit:description>Width of S_AXI address bus</spirit:description>
        <spirit:value spirit:format="long" spirit:resolve="generated" spirit:id="MODELPARAM_VALUE.C_S00_AXI_ADDR_WIDTH" spirit:order="4" spirit:rangeType="long">4</spirit:value>
      </spirit:modelParameter>
    </spirit:modelParameters>
  </spirit:model>
  <spirit:choices>
    <spirit:choice>
      <spirit:name>choice_list_6fc15197</spirit:name>
      <spirit:enumeration>32</spirit:enumeration>
    </spirit:choice>
    <spirit:choice>
      <spirit:name>choice_pairs_ce1226b1</spirit:name>
      <spirit:enumeration spirit:text="true">1</spirit:enumeration>
      <spirit:enumeration spirit:text="false">0</spirit:enumeration>
    </spirit:choice>
  </spirit:choices>
  <spirit:fileSets>
    <spirit:fileSet>
      <spirit:name>xilinx_anylanguagesynthesis_view_fileset</spirit:name>
      <spirit:file>
        <spirit:name>hdl/zynq_AXI_DNA_v1_0_S00_AXI.v</spirit:name>
        <spirit:fileType>verilogSource</spirit:fileType>
      </spirit:file>
      <spirit:file>
        <spirit:name>src/DNA_read.vhd</spirit:name>
        <spirit:fileType>vhdlSource</spirit:fileType>
      </spirit:file>
      <spirit:file>
        <spirit:name>hdl/zynq_AXI_DNA_v1_0.v</spirit:name>
        <spirit:fileType>verilogSource</spirit:fileType>
        <spirit:userFileType>CHECKSUM_511e4518</spirit:userFileType>
      </spirit:file>
    </spirit:fileSet>
    <spirit:fileSet>
      <spirit:name>xilinx_anylanguagebehavioralsimulation_view_fileset</spirit:name>
      <spirit:file>
        <spirit:name>hdl/zynq_AXI_DNA_v1_0_S00_AXI.v</spirit:name>
        <spirit:fileType>verilogSource</spirit:fileType>
      </spirit:file>
      <spirit:file>
        <spirit:name>src/DNA_read.vhd</spirit:name>
        <spirit:fileType>vhdlSource</spirit:fileType>
      </spirit:file>
      <spirit:file>
        <spirit:name>hdl/zynq_AXI_DNA_v1_0.v</spirit:name>
        <spirit:fileType>verilogSource</spirit:fileType>
      </spirit:file>
    </spirit:fileSet>
    <spirit:fileSet>
      <spirit:name>xilinx_softwaredriver_view_fileset</spirit:name>
      <spirit:file>
        <spirit:name>drivers/zynq_AXI_DNA_v1_0/data/zynq_AXI_DNA.mdd</spirit:name>
        <spirit:userFileType>mdd</spirit:userFileType>
        <spirit:userFileType>driver_mdd</spirit:userFileType>
      </spirit:file>
      <spirit:file>
        <spirit:name>drivers/zynq_AXI_DNA_v1_0/data/zynq_AXI_DNA.tcl</spirit:name>
        <spirit:fileType>tclSource</spirit:fileType>
        <spirit:userFileType>driver_tcl</spirit:userFileType>
      </spirit:file>
      <spirit:file>
        <spirit:name>drivers/zynq_AXI_DNA_v1_0/src/Makefile</spirit:name>
        <spirit:userFileType>driver_src</spirit:userFileType>
      </spirit:file>
      <spirit:file>
        <spirit:name>drivers/zynq_AXI_DNA_v1_0/src/zynq_AXI_DNA.h</spirit:name>
        <spirit:fileType>cSource</spirit:fileType>
        <spirit:userFileType>driver_src</spirit:userFileType>
      </spirit:file>
      <spirit:file>
        <spirit:name>drivers/zynq_AXI_DNA_v1_0/src/zynq_AXI_DNA.c</spirit:name>
        <spirit:fileType>cSource</spirit:fileType>
        <spirit:userFileType>driver_src</spirit:userFileType>
      </spirit:file>
      <spirit:file>
        <spirit:name>drivers/zynq_AXI_DNA_v1_0/src/zynq_AXI_DNA_selftest.c</spirit:name>
        <spirit:fileType>cSource</spirit:fileType>
        <spirit:userFileType>driver_src</spirit:userFileType>
      </spirit:file>
    </spirit:fileSet>
    <spirit:fileSet>
      <spirit:name>xilinx_xpgui_view_fileset</spirit:name>
      <spirit:file>
        <spirit:name>xgui/zynq_AXI_DNA_v1_0.tcl</spirit:name>
        <spirit:fileType>tclSource</spirit:fileType>
        <spirit:userFileType>CHECKSUM_cb63bd89</spirit:userFileType>
        <spirit:userFileType>XGUI_VERSION_2</spirit:userFileType>
      </spirit:file>
    </spirit:fileSet>
    <spirit:fileSet>
      <spirit:name>bd_tcl_view_fileset</spirit:name>
      <spirit:file>
        <spirit:name>bd/bd.tcl</spirit:name>
        <spirit:fileType>tclSource</spirit:fileType>
      </spirit:file>
    </spirit:fileSet>
  </spirit:fileSets>
  <spirit:description>AXI interface to read PL DNA for Zynq 7000 chip</spirit:description>
  <spirit:parameters>
    <spirit:parameter>
      <spirit:name>C_S00_AXI_DATA_WIDTH</spirit:name>
      <spirit:displayName>C S00 AXI DATA WIDTH</spirit:displayName>
      <spirit:description>Width of S_AXI data bus</spirit:description>
      <spirit:value spirit:format="long" spirit:resolve="user" spirit:id="PARAM_VALUE.C_S00_AXI_DATA_WIDTH" spirit:choiceRef="choice_list_6fc15197" spirit:order="3">32</spirit:value>
      <spirit:vendorExtensions>
        <xilinx:parameterInfo>
          <xilinx:enablement>
            <xilinx:isEnabled xilinx:id="PARAM_ENABLEMENT.C_S00_AXI_DATA_WIDTH">false</xilinx:isEnabled>
          </xilinx:enablement>
        </xilinx:parameterInfo>
      </spirit:vendorExtensions>
    </spirit:parameter>
    <spirit:parameter>
      <spirit:name>C_S00_AXI_ADDR_WIDTH</spirit:name>
      <spirit:displayName>C S00 AXI ADDR WIDTH</spirit:displayName>
      <spirit:description>Width of S_AXI address bus</spirit:description>
      <spirit:value spirit:format="long" spirit:resolve="user" spirit:id="PARAM_VALUE.C_S00_AXI_ADDR_WIDTH" spirit:order="4" spirit:rangeType="long">4</spirit:value>
      <spirit:vendorExtensions>
        <xilinx:parameterInfo>
          <xilinx:enablement>
            <xilinx:isEnabled xilinx:id="PARAM_ENABLEMENT.C_S00_AXI_ADDR_WIDTH">false</xilinx:isEnabled>
          </xilinx:enablement>
        </xilinx:parameterInfo>
      </spirit:vendorExtensions>
    </spirit:parameter>
    <spirit:parameter>
      <spirit:name>C_S00_AXI_BASEADDR</spirit:name>
      <spirit:displayName>C S00 AXI BASEADDR</spirit:displayName>
      <spirit:value spirit:format="bitString" spirit:resolve="user" spirit:id="PARAM_VALUE.C_S00_AXI_BASEADDR" spirit:order="5" spirit:bitStringLength="32">0xFFFFFFFF</spirit:value>
      <spirit:vendorExtensions>
        <xilinx:parameterInfo>
          <xilinx:enablement>
            <xilinx:isEnabled xilinx:id="PARAM_ENABLEMENT.C_S00_AXI_BASEADDR">false</xilinx:isEnabled>
          </xilinx:enablement>
        </xilinx:parameterInfo>
      </spirit:vendorExtensions>
    </spirit:parameter>
    <spirit:parameter>
      <spirit:name>C_S00_AXI_HIGHADDR</spirit:name>
      <spirit:displayName>C S00 AXI HIGHADDR</spirit:displayName>
      <spirit:value spirit:format="bitString" spirit:resolve="user" spirit:id="PARAM_VALUE.C_S00_AXI_HIGHADDR" spirit:order="6" spirit:bitStringLength="32">0x00000000</spirit:value>
      <spirit:vendorExtensions>
        <xilinx:parameterInfo>
          <xilinx:enablement>
            <xilinx:isEnabled xilinx:id="PARAM_ENABLEMENT.C_S00_AXI_HIGHADDR">false</xilinx:isEnabled>
          </xilinx:enablement>
        </xilinx:parameterInfo>
      </spirit:vendorExtensions>
    </spirit:parameter>
    <spirit:parameter>
      <spirit:name>Component_Name</spirit:name>
      <spirit:value spirit:resolve="user" spirit:id="PARAM_VALUE.Component_Name" spirit:order="1">zynq_AXI_DNA_v1_0</spirit:value>
    </spirit:parameter>
  </spirit:parameters>
  <spirit:vendorExtensions>
    <xilinx:coreExtensions>
      <xilinx:supportedFamilies>
        <xilinx:family xilinx:lifeCycle="Pre-Production">zynq</xilinx:family>
      </xilinx:supportedFamilies>
      <xilinx:taxonomies>
        <xilinx:taxonomy>AXI_Peripheral</xilinx:taxonomy>
      </xilinx:taxonomies>
      <xilinx:displayName>zynq_AXI_DNA_v1.0</xilinx:displayName>
      <xilinx:vendorDisplayName>Applied Brain Research</xilinx:vendorDisplayName>
      <xilinx:vendorURL>https://appliedbrainresearch.com/</xilinx:vendorURL>
      <xilinx:coreRevision>2</xilinx:coreRevision>
      <xilinx:upgrades>
        <xilinx:canUpgradeFrom>abr.rocks:user:zynq_AXI_DNA:1.0</xilinx:canUpgradeFrom>
      </xilinx:upgrades>
      <xilinx:coreCreationDateTime>2019-03-06T14:02:25Z</xilinx:coreCreationDateTime>
      <xilinx:tags>
        <xilinx:tag xilinx:name="ui.data.coregen.dd@7fb1c87c_ARCHIVE_LOCATION">/home/ben/Git/pynq-dna-reader/ip_repo/zynq_AXI_DNA_1.0</xilinx:tag>
        <xilinx:tag xilinx:name="ui.data.coregen.dd@67c9bde_ARCHIVE_LOCATION">/home/ben/Git/pynq-dna-reader/ip_repo/zynq_AXI_DNA_1.0</xilinx:tag>
        <xilinx:tag xilinx:name="ui.data.coregen.dd@7a5560b2_ARCHIVE_LOCATION">/home/ben/Git/pynq-dna-reader/ip_repo/zynq_AXI_DNA_1.0</xilinx:tag>
        <xilinx:tag xilinx:name="ui.data.coregen.dd@40b3f75_ARCHIVE_LOCATION">/home/ben/Git/pynq-dna-reader/ip_repo/zynq_AXI_DNA_1.0</xilinx:tag>
        <xilinx:tag xilinx:name="ui.data.coregen.dd@370f687a_ARCHIVE_LOCATION">/home/ben/Git/pynq-dna-reader/ip_repo/zynq_AXI_DNA_1.0</xilinx:tag>
        <xilinx:tag xilinx:name="ui.data.coregen.dd@db9cd21_ARCHIVE_LOCATION">/home/ben/Git/pynq-dna-reader/ip_repo/zynq_AXI_DNA_1.0</xilinx:tag>
        <xilinx:tag xilinx:name="ui.data.coregen.dd@5ba33052_ARCHIVE_LOCATION">/home/ben/Git/pynq-dna-reader/ip_repo/zynq_AXI_DNA_1.0</xilinx:tag>
        <xilinx:tag xilinx:name="ui.data.coregen.dd@658ff513_ARCHIVE_LOCATION">/home/ben/Git/pynq-dna-reader/ip_repo/zynq_AXI_DNA_1.0</xilinx:tag>
        <xilinx:tag xilinx:name="ui.data.coregen.dd@15f68774_ARCHIVE_LOCATION">/home/ben/Git/pynq-dna-reader/ip_repo/zynq_AXI_DNA_1.0</xilinx:tag>
        <xilinx:tag xilinx:name="ui.data.coregen.dd@5e7ce752_ARCHIVE_LOCATION">/home/ben/Git/pynq-dna-reader/ip_repo/zynq_AXI_DNA_1.0</xilinx:tag>
        <xilinx:tag xilinx:name="ui.data.coregen.dd@5484b37c_ARCHIVE_LOCATION">/home/ben/Git/pynq-dna-reader/ip_repo/zynq_AXI_DNA_1.0</xilinx:tag>
        <xilinx:tag xilinx:name="ui.data.coregen.dd@6c1a0279_ARCHIVE_LOCATION">/home/ben/Git/pynq-dna-reader/ip_repo/zynq_AXI_DNA_1.0</xilinx:tag>
        <xilinx:tag xilinx:name="ui.data.coregen.dd@4e544265_ARCHIVE_LOCATION">/home/ben/Git/pynq-dna-reader/ip_repo/zynq_AXI_DNA_1.0</xilinx:tag>
        <xilinx:tag xilinx:name="ui.data.coregen.dd@3701ad71_ARCHIVE_LOCATION">/home/ben/Git/pynq-dna-reader/ip_repo/zynq_AXI_DNA_1.0</xilinx:tag>
        <xilinx:tag xilinx:name="ui.data.coregen.dd@2aee4737_ARCHIVE_LOCATION">/home/ben/Git/pynq-dna-reader/ip_repo/zynq_AXI_DNA_1.0</xilinx:tag>
        <xilinx:tag xilinx:name="ui.data.coregen.dd@267701f6_ARCHIVE_LOCATION">/home/ben/Git/pynq-dna-reader/ip_repo/zynq_AXI_DNA_1.0</xilinx:tag>
        <xilinx:tag xilinx:name="ui.data.coregen.dd@7b55b2d5_ARCHIVE_LOCATION">/home/ben/Git/pynq-dna-reader/ip_repo/zynq_AXI_DNA_1.0</xilinx:tag>
        <xilinx:tag xilinx:name="ui.data.coregen.dd@562b05b0_ARCHIVE_LOCATION">/home/ben/Git/pynq-dna-reader/ip_repo/zynq_AXI_DNA_1.0</xilinx:tag>
        <xilinx:tag xilinx:name="ui.data.coregen.dd@6fa6951a_ARCHIVE_LOCATION">/home/ben/Git/pynq-dna-reader/ip_repo/zynq_AXI_DNA_1.0</xilinx:tag>
        <xilinx:tag xilinx:name="ui.data.coregen.dd@3ae9595a_ARCHIVE_LOCATION">/home/ben/Git/pynq-dna-reader/ip_repo/zynq_AXI_DNA_1.0</xilinx:tag>
        <xilinx:tag xilinx:name="ui.data.coregen.dd@b0799b1_ARCHIVE_LOCATION">/home/ben/Git/pynq-dna-reader/ip_repo/zynq_AXI_DNA_1.0</xilinx:tag>
        <xilinx:tag xilinx:name="ui.data.coregen.dd@330c7558_ARCHIVE_LOCATION">/home/ben/Git/pynq-dna-reader/ip_repo/zynq_AXI_DNA_1.0</xilinx:tag>
        <xilinx:tag xilinx:name="ui.data.coregen.dd@58c538a8_ARCHIVE_LOCATION">/home/ben/Git/pynq-dna-reader/ip_repo/zynq_AXI_DNA_1.0</xilinx:tag>
        <xilinx:tag xilinx:name="ui.data.coregen.dd@16bf3add_ARCHIVE_LOCATION">/home/ben/Git/pynq-dna-reader/ip_repo/zynq_AXI_DNA_1.0</xilinx:tag>
        <xilinx:tag xilinx:name="ui.data.coregen.dd@24057ffb_ARCHIVE_LOCATION">/home/ben/Git/pynq-dna-reader/ip_repo/zynq_AXI_DNA_1.0</xilinx:tag>
        <xilinx:tag xilinx:name="ui.data.coregen.dd@15a3dad7_ARCHIVE_LOCATION">/home/ben/Git/pynq-dna-reader/ip_repo/zynq_AXI_DNA_1.0</xilinx:tag>
        <xilinx:tag xilinx:name="ui.data.coregen.dd@4b896cd2_ARCHIVE_LOCATION">/home/ben/Git/pynq-dna-reader/ip_repo/zynq_AXI_DNA_1.0</xilinx:tag>
        <xilinx:tag xilinx:name="ui.data.coregen.dd@267c7e5e_ARCHIVE_LOCATION">/home/ben/Git/pynq-dna-reader/ip_repo/zynq_AXI_DNA_1.0</xilinx:tag>
        <xilinx:tag xilinx:name="ui.data.coregen.dd@6edf523a_ARCHIVE_LOCATION">/home/ben/Git/pynq-dna-reader/ip_repo/zynq_AXI_DNA_1.0</xilinx:tag>
        <xilinx:tag xilinx:name="ui.data.coregen.dd@329994b3_ARCHIVE_LOCATION">/home/ben/Git/pynq-dna-reader/ip_repo/zynq_AXI_DNA_1.0</xilinx:tag>
        <xilinx:tag xilinx:name="ui.data.coregen.dd@41b9f83e_ARCHIVE_LOCATION">/home/ben/Git/pynq-dna-reader/ip_repo/zynq_AXI_DNA_1.0</xilinx:tag>
        <xilinx:tag xilinx:name="ui.data.coregen.dd@7a222795_ARCHIVE_LOCATION">/home/ben/Git/pynq-dna-reader/ip_repo/zynq_AXI_DNA_1.0</xilinx:tag>
        <xilinx:tag xilinx:name="ui.data.coregen.dd@3d2cf47b_ARCHIVE_LOCATION">/home/ben/Git/pynq-dna-reader/ip_repo/zynq_AXI_DNA_1.0</xilinx:tag>
        <xilinx:tag xilinx:name="ui.data.coregen.dd@2e35c591_ARCHIVE_LOCATION">/home/ben/Git/pynq-dna-reader/ip_repo/zynq_AXI_DNA_1.0</xilinx:tag>
        <xilinx:tag xilinx:name="ui.data.coregen.dd@6336e3ed_ARCHIVE_LOCATION">/home/ben/Git/pynq-dna-reader/ip_repo/zynq_AXI_DNA_1.0</xilinx:tag>
        <xilinx:tag xilinx:name="ui.data.coregen.dd@640c7161_ARCHIVE_LOCATION">/home/ben/Git/pynq-dna-reader/ip_repo/zynq_AXI_DNA_1.0</xilinx:tag>
        <xilinx:tag xilinx:name="ui.data.coregen.dd@66945702_ARCHIVE_LOCATION">/home/ben/Git/pynq-dna-reader/ip_repo/zynq_AXI_DNA_1.0</xilinx:tag>
        <xilinx:tag xilinx:name="ui.data.coregen.dd@47494a0b_ARCHIVE_LOCATION">/home/ben/Git/pynq-dna-reader/ip_repo/zynq_AXI_DNA_1.0</xilinx:tag>
        <xilinx:tag xilinx:name="ui.data.coregen.dd@2f7656c8_ARCHIVE_LOCATION">/home/ben/Git/pynq-dna-reader/ip_repo/zynq_AXI_DNA_1.0</xilinx:tag>
        <xilinx:tag xilinx:name="ui.data.coregen.dd@53e8afb4_ARCHIVE_LOCATION">/home/ben/Git/pynq-dna-reader/ip_repo/zynq_AXI_DNA_1.0</xilinx:tag>
        <xilinx:tag xilinx:name="ui.data.coregen.dd@6181ccf9_ARCHIVE_LOCATION">/home/ben/Git/pynq-dna-reader/ip_repo/zynq_AXI_DNA_1.0</xilinx:tag>
        <xilinx:tag xilinx:name="ui.data.coregen.dd@6379c5d2_ARCHIVE_LOCATION">/home/ben/Git/pynq-dna-reader/ip_repo/zynq_AXI_DNA_1.0</xilinx:tag>
        <xilinx:tag xilinx:name="ui.data.coregen.dd@747ca061_ARCHIVE_LOCATION">/home/ben/Git/pynq-dna-reader/ip_repo/zynq_AXI_DNA_1.0</xilinx:tag>
        <xilinx:tag xilinx:name="ui.data.coregen.dd@24b715e5_ARCHIVE_LOCATION">/home/ben/Git/pynq-dna-reader/ip_repo/zynq_AXI_DNA_1.0</xilinx:tag>
        <xilinx:tag xilinx:name="ui.data.coregen.dd@78a17825_ARCHIVE_LOCATION">/home/ben/Git/pynq-dna-reader/ip_repo/zynq_AXI_DNA_1.0</xilinx:tag>
        <xilinx:tag xilinx:name="ui.data.coregen.dd@3f59d5b1_ARCHIVE_LOCATION">/home/ben/Git/pynq-dna-reader/ip_repo/zynq_AXI_DNA_1.0</xilinx:tag>
        <xilinx:tag xilinx:name="ui.data.coregen.dd@60ed1f96_ARCHIVE_LOCATION">/home/ben/Git/pynq-dna-reader/ip_repo/zynq_AXI_DNA_1.0</xilinx:tag>
        <xilinx:tag xilinx:name="ui.data.coregen.dd@2c48913d_ARCHIVE_LOCATION">/home/ben/Git/pynq-dna-reader/ip_repo/zynq_AXI_DNA_1.0</xilinx:tag>
        <xilinx:tag xilinx:name="ui.data.coregen.dd@3707067f_ARCHIVE_LOCATION">/home/ben/Git/pynq-dna-reader/ip_repo/zynq_AXI_DNA_1.0</xilinx:tag>
        <xilinx:tag xilinx:name="ui.data.coregen.dd@9bbb73d_ARCHIVE_LOCATION">/home/ben/Git/pynq-dna-reader/ip_repo/zynq_AXI_DNA_1.0</xilinx:tag>
        <xilinx:tag xilinx:name="ui.data.coregen.dd@3808d35b_ARCHIVE_LOCATION">/home/ben/Git/pynq-dna-reader/ip_repo/zynq_AXI_DNA_1.0</xilinx:tag>
        <xilinx:tag xilinx:name="ui.data.coregen.dd@632e6268_ARCHIVE_LOCATION">/home/ben/Git/pynq-dna-reader/ip_repo/zynq_AXI_DNA_1.0</xilinx:tag>
        <xilinx:tag xilinx:name="ui.data.coregen.dd@49542405_ARCHIVE_LOCATION">/home/ben/Git/pynq-dna-reader/ip_repo/zynq_AXI_DNA_1.0</xilinx:tag>
        <xilinx:tag xilinx:name="ui.data.coregen.dd@466024c8_ARCHIVE_LOCATION">/home/ben/Git/pynq-dna-reader/ip_repo/zynq_AXI_DNA_1.0</xilinx:tag>
        <xilinx:tag xilinx:name="ui.data.coregen.dd@1c240015_ARCHIVE_LOCATION">/home/ben/Git/pynq-dna-reader/ip_repo/zynq_AXI_DNA_1.0</xilinx:tag>
        <xilinx:tag xilinx:name="ui.data.coregen.dd@889fd91_ARCHIVE_LOCATION">/home/ben/Git/pynq-dna-reader/ip_repo/zynq_AXI_DNA_1.0</xilinx:tag>
        <xilinx:tag xilinx:name="ui.data.coregen.dd@1ea6672_ARCHIVE_LOCATION">/home/ben/Git/pynq-dna-reader/ip_repo/zynq_AXI_DNA_1.0</xilinx:tag>
        <xilinx:tag xilinx:name="ui.data.coregen.dd@3131ff8c_ARCHIVE_LOCATION">/home/ben/Git/pynq-dna-reader/ip_repo/zynq_AXI_DNA_1.0</xilinx:tag>
        <xilinx:tag xilinx:name="ui.data.coregen.dd@44bf8e52_ARCHIVE_LOCATION">/home/ben/Git/pynq-dna-reader/ip_repo/zynq_AXI_DNA_1.0</xilinx:tag>
        <xilinx:tag xilinx:name="ui.data.coregen.dd@48c2b9ae_ARCHIVE_LOCATION">/home/ben/Git/pynq-dna-reader/ip_repo/zynq_AXI_DNA_1.0</xilinx:tag>
        <xilinx:tag xilinx:name="ui.data.coregen.dd@6750c1a1_ARCHIVE_LOCATION">/home/ben/Git/pynq-dna-reader/ip_repo/zynq_AXI_DNA_1.0</xilinx:tag>
        <xilinx:tag xilinx:name="ui.data.coregen.dd@6291950d_ARCHIVE_LOCATION">/home/ben/Git/pynq-dna-reader/ip_repo/zynq_AXI_DNA_1.0</xilinx:tag>
        <xilinx:tag xilinx:name="ui.data.coregen.dd@6646f530_ARCHIVE_LOCATION">/home/ben/Git/pynq-dna-reader/ip_repo/zynq_AXI_DNA_1.0</xilinx:tag>
        <xilinx:tag xilinx:name="ui.data.coregen.dd@19ce1fcc_ARCHIVE_LOCATION">/home/ben/Git/pynq-dna-reader/ip_repo/zynq_AXI_DNA_1.0</xilinx:tag>
        <xilinx:tag xilinx:name="ui.data.coregen.dd@51109bd0_ARCHIVE_LOCATION">/home/ben/Git/pynq-dna-reader/ip_repo/zynq_AXI_DNA_1.0</xilinx:tag>
        <xilinx:tag xilinx:name="ui.data.coregen.dd@1382aba5_ARCHIVE_LOCATION">/home/ben/Git/pynq-dna-reader/ip_repo/zynq_AXI_DNA_1.0</xilinx:tag>
        <xilinx:tag xilinx:name="ui.data.coregen.dd@6a42b9d1_ARCHIVE_LOCATION">/home/ben/Git/pynq-dna-reader/ip_repo/zynq_AXI_DNA_1.0</xilinx:tag>
        <xilinx:tag xilinx:name="ui.data.coregen.dd@5d7d0e54_ARCHIVE_LOCATION">/home/ben/Git/pynq-dna-reader/ip_repo/zynq_AXI_DNA_1.0</xilinx:tag>
        <xilinx:tag xilinx:name="ui.data.coregen.dd@196ca920_ARCHIVE_LOCATION">/home/ben/Git/zynq-dna/ip_repo/zynq_AXI_DNA_1.0</xilinx:tag>
        <xilinx:tag xilinx:name="ui.data.coregen.dd@60e641fa_ARCHIVE_LOCATION">/home/ben/Git/zynq-dna/ip_repo/zynq_AXI_DNA_1.0</xilinx:tag>
        <xilinx:tag xilinx:name="ui.data.coregen.dd@4459d65e_ARCHIVE_LOCATION">/home/ben/Git/zynq-dna/ip_repo/zynq_AXI_DNA_1.0</xilinx:tag>
        <xilinx:tag xilinx:name="ui.data.coregen.dd@6a6a44ea_ARCHIVE_LOCATION">/home/ben/Git/zynq-dna/ip_repo/zynq_AXI_DNA_1.0</xilinx:tag>
        <xilinx:tag xilinx:name="ui.data.coregen.dd@73732190_ARCHIVE_LOCATION">/home/ben/Git/zynq-dna/ip_repo/zynq_AXI_DNA_1.0</xilinx:tag>
        <xilinx:tag xilinx:name="ui.data.coregen.dd@6fba6eeb_ARCHIVE_LOCATION">/home/ben/Git/zynq-dna/ip_repo/zynq_AXI_DNA_1.0</xilinx:tag>
        <xilinx:tag xilinx:name="ui.data.coregen.dd@5ead18e6_ARCHIVE_LOCATION">/home/ben/Git/zynq-dna/ip_repo/zynq_AXI_DNA_1.0</xilinx:tag>
        <xilinx:tag xilinx:name="ui.data.coregen.dd@24765fcc_ARCHIVE_LOCATION">/home/ben/Git/zynq-dna/ip_repo/zynq_AXI_DNA_1.0</xilinx:tag>
        <xilinx:tag xilinx:name="ui.data.coregen.dd@7b07cd2e_ARCHIVE_LOCATION">/home/ben/Git/zynq-dna/ip_repo/zynq_AXI_DNA_1.0</xilinx:tag>
        <xilinx:tag xilinx:name="ui.data.coregen.dd@7130e67_ARCHIVE_LOCATION">/home/ben/Git/zynq-dna/ip_repo/zynq_AXI_DNA_1.0</xilinx:tag>
        <xilinx:tag xilinx:name="ui.data.coregen.dd@52aff2f9_ARCHIVE_LOCATION">/home/ben/Git/zynq-dna/ip_repo/zynq_AXI_DNA_1.0</xilinx:tag>
      </xilinx:tags>
    </xilinx:coreExtensions>
    <xilinx:packagingInfo>
      <xilinx:xilinxVersion>2018.3</xilinx:xilinxVersion>
      <xilinx:checksum xilinx:scope="busInterfaces" xilinx:value="b1c5cd83"/>
      <xilinx:checksum xilinx:scope="memoryMaps" xilinx:value="ed1368d5"/>
      <xilinx:checksum xilinx:scope="fileGroups" xilinx:value="9a421977"/>
      <xilinx:checksum xilinx:scope="ports" xilinx:value="3c5e98a8"/>
      <xilinx:checksum xilinx:scope="hdlParameters" xilinx:value="6992ea72"/>
      <xilinx:checksum xilinx:scope="parameters" xilinx:value="0da3f951"/>
    </xilinx:packagingInfo>
  </spirit:vendorExtensions>
</spirit:component>
